[{"model": "contenttypes.contenttype", "pk": 1, "fields": {"app_label": "admin", "model": "logentry"}}, {"model": "contenttypes.contenttype", "pk": 2, "fields": {"app_label": "auth", "model": "permission"}}, {"model": "contenttypes.contenttype", "pk": 3, "fields": {"app_label": "auth", "model": "group"}}, {"model": "contenttypes.contenttype", "pk": 4, "fields": {"app_label": "auth", "model": "user"}}, {"model": "contenttypes.contenttype", "pk": 5, "fields": {"app_label": "contenttypes", "model": "contenttype"}}, {"model": "contenttypes.contenttype", "pk": 6, "fields": {"app_label": "sessions", "model": "session"}}, {"model": "contenttypes.contenttype", "pk": 7, "fields": {"app_label": "setup", "model": "targetgroup"}}, {"model": "contenttypes.contenttype", "pk": 8, "fields": {"app_label": "setup", "model": "publication"}}, {"model": "contenttypes.contenttype", "pk": 9, "fields": {"app_label": "setup", "model": "image"}}, {"model": "contenttypes.contenttype", "pk": 10, "fields": {"app_label": "setup", "model": "deadline"}}, {"model": "contenttypes.contenttype", "pk": 11, "fields": {"app_label": "setup", "model": "recurrence"}}, {"model": "contenttypes.contenttype", "pk": 12, "fields": {"app_label": "setup", "model": "client"}}, {"model": "contenttypes.contenttype", "pk": 13, "fields": {"app_label": "setup", "model": "rate"}}, {"model": "contenttypes.contenttype", "pk": 14, "fields": {"app_label": "plans", "model": "thumbnail"}}, {"model": "contenttypes.contenttype", "pk": 15, "fields": {"app_label": "plans", "model": "design"}}, {"model": "contenttypes.contenttype", "pk": 16, "fields": {"app_label": "plans", "model": "file"}}, {"model": "contenttypes.contenttype", "pk": 17, "fields": {"app_label": "plans", "model": "weeklymediaplacement"}}, {"model": "contenttypes.contenttype", "pk": 18, "fields": {"app_label": "plans", "model": "mediaplan"}}, {"model": "contenttypes.contenttype", "pk": 19, "fields": {"app_label": "plans", "model": "expense"}}, {"model": "contenttypes.contenttype", "pk": 20, "fields": {"app_label": "plans", "model": "week"}}, {"model": "contenttypes.contenttype", "pk": 21, "fields": {"app_label": "plans", "model": "dailymediaplacement"}}, {"model": "contenttypes.contenttype", "pk": 22, "fields": {"app_label": "plans", "model": "fullmediaplacement"}}, {"model": "sessions.session", "pk": "2u5wtk8i9cnw2o8027u8nks89geju91c", "fields": {"session_data": "Nzk3OTk3ZDAyMjVjZDJlMzdkOTVkOGY0ZjY2ZmVlMzE4ZjNiYzZmODp7Il9hdXRoX3VzZXJfaWQiOiIxIiwiX2F1dGhfdXNlcl9iYWNrZW5kIjoiZGphbmdvLmNvbnRyaWIuYXV0aC5iYWNrZW5kcy5Nb2RlbEJhY2tlbmQiLCJfYXV0aF91c2VyX2hhc2giOiI4YWVlYzdkN2E3ZDY5OTYyNzIwYWUzMGY1YjRiOWQ2OTMwYTg2YzcwIn0=", "expire_date": "2018-05-07T14:44:44.346Z"}}, {"model": "sessions.session", "pk": "7xfc8rsb83hhq4iyrhdamhz6nrmc644b", "fields": {"session_data": "Nzk3OTk3ZDAyMjVjZDJlMzdkOTVkOGY0ZjY2ZmVlMzE4ZjNiYzZmODp7Il9hdXRoX3VzZXJfaWQiOiIxIiwiX2F1dGhfdXNlcl9iYWNrZW5kIjoiZGphbmdvLmNvbnRyaWIuYXV0aC5iYWNrZW5kcy5Nb2RlbEJhY2tlbmQiLCJfYXV0aF91c2VyX2hhc2giOiI4YWVlYzdkN2E3ZDY5OTYyNzIwYWUzMGY1YjRiOWQ2OTMwYTg2YzcwIn0=", "expire_date": "2018-04-23T13:53:12.278Z"}}, {"model": "sessions.session", "pk": "v2ivc632029pf0vx17m2esgwrh0ta1np", "fields": {"session_data": "Nzk3OTk3ZDAyMjVjZDJlMzdkOTVkOGY0ZjY2ZmVlMzE4ZjNiYzZmODp7Il9hdXRoX3VzZXJfaWQiOiIxIiwiX2F1dGhfdXNlcl9iYWNrZW5kIjoiZGphbmdvLmNvbnRyaWIuYXV0aC5iYWNrZW5kcy5Nb2RlbEJhY2tlbmQiLCJfYXV0aF91c2VyX2hhc2giOiI4YWVlYzdkN2E3ZDY5OTYyNzIwYWUzMGY1YjRiOWQ2OTMwYTg2YzcwIn0=", "expire_date": "2018-04-05T17:25:19.542Z"}}, {"model": "setup.targetgroup", "pk": 3, "fields": {"name": "Williamsburg Weekly"}}, {"model": "setup.targetgroup", "pk": 5, "fields": {"name": "Boro Park Weekly"}}, {"model": "setup.targetgroup", "pk": 6, "fields": {"name": "Williamsburg Daily"}}, {"model": "setup.targetgroup", "pk": 7, "fields": {"name": "Yiddish Kids"}}, {"model": "setup.targetgroup", "pk": 8, "fields": {"name": "Kids Yiddish"}}, {"model": "setup.targetgroup", "pk": 9, "fields": {"name": "Kids English"}}, {"model": "setup.targetgroup", "pk": 10, "fields": {"name": "Yiddish Magazines"}}, {"model": "setup.targetgroup", "pk": 11, "fields": {"name": "Hotlines"}}, {"model": "setup.image", "pk": 1, "fields": {"image": "uplaods/2018/03/ad.png"}}, {"model": "setup.image", "pk": 2, "fields": {"image": "uplaods/2018/03/ad.jpg"}}, {"model": "setup.image", "pk": 3, "fields": {"image": "uplaods/2018/03/ad_cYMxjY2.jpg"}}, {"model": "setup.image", "pk": 4, "fields": {"image": "2018/03/ad.jpg"}}, {"model": "setup.image", "pk": 5, "fields": {"image": "2018/03/ad_Adh3s7t.jpg"}}, {"model": "setup.image", "pk": 6, "fields": {"image": "2018/03/ad_0JZbArv.jpg"}}, {"model": "setup.image", "pk": 7, "fields": {"image": "2018/03/ad_SEbk4OZ.jpg"}}, {"model": "setup.image", "pk": 8, "fields": {"image": "2018/03/ad.png"}}, {"model": "setup.image", "pk": 9, "fields": {"image": "2018/03/ad_xRyVPrY.jpg"}}, {"model": "setup.image", "pk": 10, "fields": {"image": "2018/03/ami.png"}}, {"model": "setup.image", "pk": 11, "fields": {"image": "2018/03/ad_rjUQtdh.png"}}, {"model": "setup.image", "pk": 12, "fields": {"image": "2018/03/ami_OmZxIa9.png"}}, {"model": "setup.image", "pk": 13, "fields": {"image": "2018/03/ami_kc0rM5G.png"}}, {"model": "setup.image", "pk": 14, "fields": {"image": "2018/03/ami_vfHnzeQ.png"}}, {"model": "setup.image", "pk": 15, "fields": {"image": "2018/03/ami_MQcFaon.png"}}, {"model": "setup.image", "pk": 16, "fields": {"image": "2018/03/ami_xH2Trji.png"}}, {"model": "setup.image", "pk": 17, "fields": {"image": "2018/03/ami_Lgqqdp5.png"}}, {"model": "setup.image", "pk": 18, "fields": {"image": "2018/03/ad_2ekbwUR.jpg"}}, {"model": "setup.image", "pk": 19, "fields": {"image": "2018/03/ad_BbiwEl5.jpg"}}, {"model": "setup.image", "pk": 20, "fields": {"image": "2018/03/ad_bPYEGH9.jpg"}}, {"model": "setup.image", "pk": 21, "fields": {"image": "2018/03/ad_2ZxzgIe.jpg"}}, {"model": "setup.image", "pk": 22, "fields": {"image": "2018/03/ad_nCdGMGR.jpg"}}, {"model": "setup.image", "pk": 23, "fields": {"image": "2018/03/ad_cR1US2a.jpg"}}, {"model": "setup.image", "pk": 24, "fields": {"image": "2018/03/ami_HpP9IkY.png"}}, {"model": "setup.image", "pk": 25, "fields": {"image": "2018/03/ami_OaTn8ID.png"}}, {"model": "setup.image", "pk": 26, "fields": {"image": "2018/03/ami_ZLUaF1S.png"}}, {"model": "setup.image", "pk": 27, "fields": {"image": "2018/03/ami_CU4G9xV.png"}}, {"model": "setup.image", "pk": 28, "fields": {"image": "2018/03/ami_OEgCHjV.png"}}, {"model": "setup.image", "pk": 29, "fields": {"image": "2018/03/ami_BqUfhnu.png"}}, {"model": "setup.image", "pk": 30, "fields": {"image": "2018/03/luach.png"}}, {"model": "setup.image", "pk": 31, "fields": {"image": "2018/03/luach_r4pYXa2.png"}}, {"model": "setup.image", "pk": 32, "fields": {"image": "2018/03/luach_rlM8fQo.png"}}, {"model": "setup.image", "pk": 33, "fields": {"image": "2018/03/luach_J78j5PK.png"}}, {"model": "setup.image", "pk": 34, "fields": {"image": "2018/03/luach_KNeJd7L.png"}}, {"model": "setup.image", "pk": 35, "fields": {"image": "2018/03/luach_wpYBhg4.png"}}, {"model": "setup.image", "pk": 36, "fields": {"image": "2018/03/binah.jpg"}}, {"model": "setup.image", "pk": 37, "fields": {"image": "2018/03/binah_VByXeke.jpg"}}, {"model": "setup.image", "pk": 38, "fields": {"image": "2018/03/binah_yROqmZJ.jpg"}}, {"model": "setup.image", "pk": 39, "fields": {"image": "2018/03/binah_iwM5UZS.jpg"}}, {"model": "setup.image", "pk": 40, "fields": {"image": "2018/03/binah_79jJ7s0.jpg"}}, {"model": "setup.image", "pk": 41, "fields": {"image": "2018/03/binah_h5PsfUn.jpg"}}, {"model": "setup.image", "pk": 42, "fields": {"image": "2018/03/binah_G9tzIn4.jpg"}}, {"model": "setup.image", "pk": 43, "fields": {"image": "2018/03/binah_so4I4cf.jpg"}}, {"model": "setup.image", "pk": 44, "fields": {"image": "2018/03/binah_pJj8QJs.jpg"}}, {"model": "setup.image", "pk": 45, "fields": {"image": "2018/03/binah_wYavzLn.jpg"}}, {"model": "setup.image", "pk": 46, "fields": {"image": "2018/03/binah_GrCFRcS.jpg"}}, {"model": "setup.image", "pk": 47, "fields": {"image": "2018/03/binah_vRoRrnp.jpg"}}, {"model": "setup.image", "pk": 48, "fields": {"image": "2018/03/binah_zuWjZmX.jpg"}}, {"model": "setup.image", "pk": 49, "fields": {"image": "2018/03/binah_ks3c1uq.jpg"}}, {"model": "setup.image", "pk": 50, "fields": {"image": "2018/03/binah_X3s572R.jpg"}}, {"model": "setup.image", "pk": 51, "fields": {"image": "2018/03/binah_8eD4I6i.jpg"}}, {"model": "setup.image", "pk": 52, "fields": {"image": "2018/03/binah_urJvMfK.jpg"}}, {"model": "setup.image", "pk": 53, "fields": {"image": "2018/03/binah_Jxr4j4M.jpg"}}, {"model": "setup.image", "pk": 54, "fields": {"image": "2018/03/binah_cx9AMNv.jpg"}}, {"model": "setup.image", "pk": 55, "fields": {"image": "2018/03/binah_mA4yEvF.jpg"}}, {"model": "setup.image", "pk": 56, "fields": {"image": "2018/03/binah_PSGmAQf.jpg"}}, {"model": "setup.image", "pk": 57, "fields": {"image": "2018/03/binah_B0NbbtG.jpg"}}, {"model": "setup.image", "pk": 58, "fields": {"image": "2018/03/binah_0nqKhgH.jpg"}}, {"model": "setup.image", "pk": 59, "fields": {"image": "2018/03/binah_EHdzeCr.jpg"}}, {"model": "setup.image", "pk": 60, "fields": {"image": "2018/03/binah_9RH27Ws.jpg"}}, {"model": "setup.image", "pk": 61, "fields": {"image": "2018/03/binah_Y1MMoWh.jpg"}}, {"model": "setup.image", "pk": 62, "fields": {"image": "2018/03/binah_yZsTjd2.jpg"}}, {"model": "setup.image", "pk": 63, "fields": {"image": "2018/03/binah_FGXAnh7.jpg"}}, {"model": "setup.image", "pk": 64, "fields": {"image": "2018/03/binah_OGKrbno.jpg"}}, {"model": "setup.image", "pk": 65, "fields": {"image": "2018/03/binah_hGTkNeY.jpg"}}, {"model": "setup.image", "pk": 66, "fields": {"image": "2018/03/binah_TO79qsg.jpg"}}, {"model": "setup.image", "pk": 67, "fields": {"image": "2018/03/binah_PvCwk2f.jpg"}}, {"model": "setup.image", "pk": 68, "fields": {"image": "2018/03/binah_fLs4gsu.jpg"}}, {"model": "setup.image", "pk": 69, "fields": {"image": "2018/03/binah_8gCpyW2.jpg"}}, {"model": "setup.image", "pk": 70, "fields": {"image": "2018/03/bulletin.png"}}, {"model": "setup.image", "pk": 71, "fields": {"image": "2018/03/bulletin_4qXhY2D.png"}}, {"model": "setup.image", "pk": 72, "fields": {"image": "2018/03/bulletin_XGgY640.png"}}, {"model": "setup.image", "pk": 73, "fields": {"image": "2018/03/bulletin_Nw49gLb.png"}}, {"model": "setup.image", "pk": 74, "fields": {"image": "2018/03/bulletin_0hrec56.png"}}, {"model": "setup.image", "pk": 75, "fields": {"image": "2018/03/binah_uXSwR8v.jpg"}}, {"model": "setup.image", "pk": 76, "fields": {"image": "2018/04/dvaryoim.png"}}, {"model": "setup.image", "pk": 77, "fields": {"image": "2018/04/placeholder.png"}}, {"model": "setup.image", "pk": 78, "fields": {"image": "2018/04/kayco.jpg"}}, {"model": "setup.image", "pk": 79, "fields": {"image": "2018/04/gefen.jpg"}}, {"model": "setup.image", "pk": 80, "fields": {"image": "2018/04/placeholder_tLYAHIL.png"}}, {"model": "setup.image", "pk": 81, "fields": {"image": "2018/04/gefen_UAVOXWA.jpg"}}, {"model": "setup.image", "pk": 82, "fields": {"image": "2018/04/gefen_3IUCPeD.jpg"}}, {"model": "setup.image", "pk": 83, "fields": {"image": "2018/04/gefen_WPwoPcx.jpg"}}, {"model": "setup.image", "pk": 84, "fields": {"image": "2018/04/prigat.png"}}, {"model": "setup.image", "pk": 85, "fields": {"image": "2018/04/prigat_VLpUXlz.png"}}, {"model": "setup.image", "pk": 86, "fields": {"image": "2018/04/gb.png"}}, {"model": "setup.image", "pk": 87, "fields": {"image": "2018/04/Screen_Shot_2018-02-06_at_10.53.41_AM.png"}}, {"model": "setup.image", "pk": 88, "fields": {"image": "2018/04/Screen_Shot_2018-02-06_at_10.53.41_AM_6SKx0ms.png"}}, {"model": "setup.image", "pk": 89, "fields": {"image": "2018/04/Screen_Shot_2018-02-06_at_10.53.41_AM_eQ2zUxr.png"}}, {"model": "setup.image", "pk": 90, "fields": {"image": "2018/04/Screen_Shot_2018-02-06_at_10.53.41_AM_XvXXA7s.png"}}, {"model": "setup.image", "pk": 91, "fields": {"image": "2018/04/Screen_Shot_2018-02-06_at_10.53.41_AM_C7ZM4zx.png"}}, {"model": "setup.image", "pk": 92, "fields": {"image": "2018/04/thumbnail.png"}}, {"model": "setup.image", "pk": 93, "fields": {"image": "2018/04/thumbnail_G1Zm5Rc.png"}}, {"model": "setup.image", "pk": 94, "fields": {"image": "2018/04/Screen_Shot_2018-02-06_at_10.53.41_AM_jcdTkYF.png"}}, {"model": "setup.image", "pk": 95, "fields": {"image": "2018/04/thumbnail_HuADqlB.png"}}, {"model": "setup.image", "pk": 96, "fields": {"image": "2018/04/Screen_Shot_2018-02-06_at_10.53.41_AM_1NqvOIt.png"}}, {"model": "setup.image", "pk": 97, "fields": {"image": "2018/04/Screen_Shot_2018-02-06_at_10.53.41_AM_WX0LkBY.png"}}, {"model": "setup.image", "pk": 98, "fields": {"image": "2018/04/Screen_Shot_2018-02-06_at_10.53.41_AM_KgE80ka.png"}}, {"model": "setup.image", "pk": 99, "fields": {"image": "2018/04/Screen_Shot_2018-02-06_at_10.53.41_AM_pXVSGo0.png"}}, {"model": "setup.image", "pk": 100, "fields": {"image": "2018/04/Screen_Shot_2018-02-06_at_10.53.41_AM_HkuyDLU.png"}}, {"model": "setup.image", "pk": 101, "fields": {"image": "2018/04/thumbnail_oxmorPB.png"}}, {"model": "setup.image", "pk": 102, "fields": {"image": "2018/04/thumbnail_34UIL5c.png"}}, {"model": "setup.image", "pk": 103, "fields": {"image": "2018/04/belz.png"}}, {"model": "setup.image", "pk": 104, "fields": {"image": "2018/04/Screen_Shot_2018-02-06_at_10.53.41_AM_wrZlNSt.png"}}, {"model": "setup.image", "pk": 105, "fields": {"image": "2018/04/belz_v4kXFdh.png"}}, {"model": "setup.image", "pk": 106, "fields": {"image": "2018/04/Screen_Shot_2018-02-06_at_10.53.41_AM_wTuPKFa.png"}}, {"model": "setup.image", "pk": 107, "fields": {"image": "2018/04/Screen_Shot_2018-02-06_at_10.53.41_AM_lDSDLXC.png"}}, {"model": "setup.image", "pk": 108, "fields": {"image": "2018/04/bobov.png"}}, {"model": "setup.image", "pk": 109, "fields": {"image": "2018/04/Screen_Shot_2018-02-06_at_10.53.41_AM_IB8r4zK.png"}}, {"model": "setup.image", "pk": 110, "fields": {"image": "2018/04/stolin.png"}}, {"model": "setup.image", "pk": 111, "fields": {"image": "2018/04/Screen_Shot_2018-02-06_at_10.53.41_AM_571mEuE.png"}}, {"model": "setup.image", "pk": 114, "fields": {"image": "2018/04/Screen_Shot_2018-02-06_at_10.53.41_AM_SDi5Nmy.png"}}, {"model": "setup.image", "pk": 115, "fields": {"image": "2018/04/stolin_kOicfnM.png"}}, {"model": "setup.image", "pk": 116, "fields": {"image": "2018/04/Screen_Shot_2018-02-06_at_10.53.41_AM_aLyPmV8.png"}}, {"model": "setup.image", "pk": 117, "fields": {"image": "2018/04/Screen_Shot_2018-02-06_at_10.53.41_AM_DlLXYZT.png"}}, {"model": "setup.image", "pk": 118, "fields": {"image": "2018/04/Screen_Shot_2018-02-06_at_10.53.41_AM_AYy5wpm.png"}}, {"model": "setup.image", "pk": 119, "fields": {"image": "2018/04/ad.jpg"}}, {"model": "setup.image", "pk": 120, "fields": {"image": "2018/04/Screen_Shot_2018-02-06_at_10.53.41_AM_GjWbdQ0.png"}}, {"model": "setup.image", "pk": 121, "fields": {"image": "2018/04/ad_BByXHMr.jpg"}}, {"model": "setup.image", "pk": 122, "fields": {"image": "2018/04/ad_alPRejC.jpg"}}, {"model": "setup.image", "pk": 123, "fields": {"image": "2018/04/Necklace-Blk_sm.jpg"}}, {"model": "setup.image", "pk": 124, "fields": {"image": "2018/04/Necklace-Blk_sm_mSfCFnu.jpg"}}, {"model": "setup.publication", "pk": 2, "fields": {"name": "Luach Hatzibur", "contactName": "John Doe", "email": "john@doe.com", "phone": "1(234)589-0032", "logo": 35, "recurrence": "daily", "targetGroups": [6, 10]}}, {"model": "setup.publication", "pk": 3, "fields": {"name": "Binah Magazine", "contactName": "John Doe", "email": "john@doe.com", "phone": "1(234)567-8900", "logo": 69, "recurrence": "weekly", "targetGroups": [3, 5, 10]}}, {"model": "setup.publication", "pk": 8, "fields": {"name": "The Bulletin", "contactName": "John Doe", "email": "john@doe.com", "phone": "1(345)678-9098", "logo": 74, "recurrence": "weekly", "targetGroups": [3, 5, 10]}}, {"model": "setup.publication", "pk": 9, "fields": {"name": "Dvar Yoim Byoimoi", "contactName": "John Doe", "email": "john@doe.com", "phone": "1(234)567-8903", "logo": 76, "recurrence": "daily", "targetGroups": [6, 10]}}, {"model": "setup.publication", "pk": 11, "fields": {"name": "Ami Magazine", "contactName": "", "email": "john@doe.com", "phone": "1(234)567-8909", "logo": 17, "recurrence": "weekly", "targetGroups": [3, 5, 10]}}, {"model": "setup.publication", "pk": 12, "fields": {"name": "Demo Publication", "contactName": "", "email": "demo@pub.com", "phone": "1(239)987-6543", "logo": 77, "recurrence": "weekly", "targetGroups": []}}, {"model": "setup.publication", "pk": 13, "fields": {"name": "Eishes Chayil", "contactName": "John Doe", "email": "john@doe.com", "phone": "1234567890", "logo": 77, "recurrence": "daily", "targetGroups": [3, 6]}}, {"model": "setup.publication", "pk": 14, "fields": {"name": "Ami", "contactName": "John Doe", "email": "john@doe.com", "phone": "1234567890", "logo": 77, "recurrence": "full campaign", "targetGroups": [3, 6]}}, {"model": "setup.client", "pk": 1, "fields": {"name": "Kayco", "logo": 78, "contactName": "John Doe", "email": "john@doe.com", "phone": "1234567890", "parent": null}}, {"model": "setup.client", "pk": 2, "fields": {"name": "Gefen", "logo": 79, "contactName": "John Doe", "email": "john@doe.com", "phone": "1(234)567-8909", "parent": null}}, {"model": "setup.client", "pk": 10, "fields": {"name": "Demo Client", "logo": 77, "contactName": "", "email": "demo@client.com", "phone": "7(777)777-7777", "parent": null}}, {"model": "setup.client", "pk": 11, "fields": {"name": "Prigat", "logo": 85, "contactName": "John Doe", "email": "prigat@gmail.com", "phone": "1(374)847-3092", "parent": null}}, {"model": "setup.client", "pk": 17, "fields": {"name": "Another Demo", "logo": 77, "contactName": "John Doe", "email": "john@doe.com", "phone": "1(234)456-9089", "parent": 1}}, {"model": "setup.client", "pk": 18, "fields": {"name": "Another Demo Here", "logo": 77, "contactName": "Jane Doe", "email": "john@doe.com", "phone": "1(234)456-9089", "parent": null}}, {"model": "setup.client", "pk": 19, "fields": {"name": "GB", "logo": 86, "contactName": "John Doe", "email": "john@doe.com", "phone": "1(234)558-5838", "parent": null}}, {"model": "setup.rate", "pk": 16, "fields": {"publication": 8, "rateName": "Full Page", "dimensions": "10x10", "bleed": "1", "price": "100", "client": null}}, {"model": "setup.rate", "pk": 17, "fields": {"publication": 8, "rateName": "Half Page", "dimensions": "5x10", "bleed": "1", "price": "50", "client": null}}, {"model": "setup.rate", "pk": 18, "fields": {"publication": 9, "rateName": "Single", "dimensions": "1x1", "bleed": "0", "price": "25", "client": null}}, {"model": "setup.rate", "pk": 19, "fields": {"publication": 9, "rateName": "Double", "dimensions": "1x2", "bleed": "0", "price": "50", "client": null}}, {"model": "setup.rate", "pk": 30, "fields": {"publication": 11, "rateName": "Full Page", "dimensions": "10x10", "bleed": "1", "price": "100", "client": null}}, {"model": "setup.rate", "pk": 35, "fields": {"publication": 3, "rateName": "Full Page", "dimensions": "10x10", "bleed": "1", "price": "1000", "client": 10}}, {"model": "setup.rate", "pk": 38, "fields": {"publication": 11, "rateName": "Third Page", "dimensions": "10x5", "bleed": ".5", "price": "25", "client": null}}, {"model": "setup.rate", "pk": 55, "fields": {"publication": 3, "rateName": "Quarter Page", "dimensions": "5x10", "bleed": "1", "price": "90", "client": null}}, {"model": "setup.rate", "pk": 57, "fields": {"publication": 8, "rateName": "Front Cover", "dimensions": "8x10", "bleed": "1", "price": "500", "client": null}}, {"model": "setup.rate", "pk": 61, "fields": {"publication": 3, "rateName": "Full Page", "dimensions": "10x10", "bleed": "1", "price": "100", "client": 18}}, {"model": "setup.rate", "pk": 62, "fields": {"publication": 8, "rateName": "Front Cover", "dimensions": "8x10", "bleed": "1", "price": "500", "client": 11}}, {"model": "setup.rate", "pk": 63, "fields": {"publication": 8, "rateName": "Full Page", "dimensions": "10x10", "bleed": "1", "price": "200", "client": 11}}, {"model": "setup.rate", "pk": 66, "fields": {"publication": 13, "rateName": "Single Line", "dimensions": "1x1", "bleed": "0", "price": "25", "client": null}}, {"model": "setup.rate", "pk": 67, "fields": {"publication": 14, "rateName": "Full Page", "dimensions": "10x10", "bleed": "2", "price": "100", "client": null}}, {"model": "setup.rate", "pk": 68, "fields": {"publication": 14, "rateName": "Half Page", "dimensions": "5x10", "bleed": "2", "price": "50", "client": null}}, {"model": "setup.rate", "pk": 69, "fields": {"publication": 13, "rateName": "Double Line", "dimensions": "2x1", "bleed": "0", "price": "50", "client": null}}, {"model": "setup.rate", "pk": 70, "fields": {"publication": 2, "rateName": "One Line", "dimensions": "10x10", "bleed": "1", "price": "100", "client": null}}, {"model": "plans.mediaplan", "pk": 28, "fields": {"name": "Demo Campaign", "budget": 10000, "startDate": "2018-04-02", "endDate": "2018-04-20", "shuffle": false, "status": "book", "designer": "John Doe", "starter": "John Doe", "client": 2, "created_at": "2018-04-24T15:02:12.004Z", "audience": [3, 5, 7]}}, {"model": "plans.design", "pk": 14, "fields": {"name": "First Design", "thumbnail": 124, "campaign": 28, "order": "1"}}, {"model": "plans.design", "pk": 15, "fields": {"name": "Second Design", "thumbnail": 122, "campaign": 28, "order": "2"}}, {"model": "plans.week", "pk": 58, "fields": {"start": "2018-04-02", "end": "2018-04-09", "plan": 28, "selectedPubs": [3, 8, 11, 13, 14]}}, {"model": "plans.week", "pk": 59, "fields": {"start": "2018-04-11", "end": "2018-04-18", "plan": 28, "selectedPubs": [3, 8, 11, 13, 14]}}, {"model": "plans.week", "pk": 60, "fields": {"start": "2018-04-20", "end": "2018-04-27", "plan": 28, "selectedPubs": [2, 3, 8, 11, 13, 14]}}, {"model": "plans.weeklymediaplacement", "pk": 81, "fields": {"rate": 55, "deadline": "2018-04-24", "plan": 28, "design": 15, "file": null, "memo": "", "week": 58, "status": "pending"}}, {"model": "plans.weeklymediaplacement", "pk": 82, "fields": {"rate": 57, "deadline": "2018-04-24", "plan": 28, "design": 15, "file": null, "memo": "", "week": 58, "status": "booked"}}, {"model": "plans.weeklymediaplacement", "pk": 83, "fields": {"rate": 30, "deadline": "2018-04-24", "plan": 28, "design": 15, "file": null, "memo": "", "week": 58, "status": "pending"}}, {"model": "plans.weeklymediaplacement", "pk": 84, "fields": {"rate": 55, "deadline": "2018-04-24", "plan": 28, "design": 14, "file": null, "memo": "", "week": 59, "status": "pending"}}, {"model": "plans.weeklymediaplacement", "pk": 85, "fields": {"rate": 57, "deadline": "2018-04-24", "plan": 28, "design": 14, "file": null, "memo": "", "week": 59, "status": "booked"}}, {"model": "plans.weeklymediaplacement", "pk": 86, "fields": {"rate": 30, "deadline": "2018-04-24", "plan": 28, "design": 14, "file": null, "memo": "", "week": 59, "status": "pending"}}, {"model": "plans.weeklymediaplacement", "pk": 87, "fields": {"rate": 55, "deadline": "2018-04-24", "plan": 28, "design": 15, "file": null, "memo": "", "week": 60, "status": "pending"}}, {"model": "plans.weeklymediaplacement", "pk": 88, "fields": {"rate": 57, "deadline": "2018-04-24", "plan": 28, "design": 14, "file": null, "memo": "", "week": 60, "status": "booked"}}, {"model": "plans.weeklymediaplacement", "pk": 89, "fields": {"rate": 30, "deadline": "2018-04-24", "plan": 28, "design": 15, "file": null, "memo": "", "week": 60, "status": "pending"}}, {"model": "plans.weeklymediaplacement", "pk": 144, "fields": {"rate": 57, "deadline": "2018-03-12", "plan": 28, "design": 14, "file": null, "memo": "", "week": 59, "status": "booked"}}, {"model": "plans.weeklymediaplacement", "pk": 145, "fields": {"rate": 57, "deadline": "2018-03-12", "plan": 28, "design": 14, "file": null, "memo": "", "week": 59, "status": "booked"}}, {"model": "plans.weeklymediaplacement", "pk": 146, "fields": {"rate": 16, "deadline": "2018-03-12", "plan": 28, "design": 14, "file": null, "memo": "", "week": 59, "status": "booked"}}, {"model": "plans.weeklymediaplacement", "pk": 147, "fields": {"rate": 57, "deadline": "2018-03-12", "plan": 28, "design": 15, "file": null, "memo": "", "week": 60, "status": "booked"}}, {"model": "plans.weeklymediaplacement", "pk": 148, "fields": {"rate": 57, "deadline": "2018-03-12", "plan": 28, "design": 15, "file": null, "memo": "", "week": 60, "status": "booked"}}, {"model": "plans.dailymediaplacement", "pk": 31, "fields": {"rate": 69, "days": "['M']", "plan": 28, "design": 15, "file": null, "memo": "", "week": 58, "status": "pending"}}, {"model": "plans.dailymediaplacement", "pk": 32, "fields": {"rate": 69, "days": "['M']", "plan": 28, "design": 14, "file": null, "memo": "", "week": 59, "status": "pending"}}, {"model": "plans.dailymediaplacement", "pk": 33, "fields": {"rate": 69, "days": "['M']", "plan": 28, "design": 15, "file": null, "memo": "", "week": 60, "status": "pending"}}, {"model": "plans.dailymediaplacement", "pk": 34, "fields": {"rate": 70, "days": "['M']", "plan": 28, "design": 14, "file": null, "memo": "", "week": 60, "status": "booked"}}, {"model": "plans.fullmediaplacement", "pk": 8, "fields": {"rate": 67, "deadline": "2018-03-12", "plan": 28, "design": 14, "file": null, "memo": "", "status": "pending"}}, {"model": "plans.fullmediaplacement", "pk": 9, "fields": {"rate": 67, "deadline": "2018-03-12", "plan": 28, "design": 14, "file": null, "memo": "", "status": "pending"}}, {"model": "plans.fullmediaplacement", "pk": 10, "fields": {"rate": 67, "deadline": "2018-03-12", "plan": 28, "design": 14, "file": null, "memo": "", "status": "pending"}}, {"model": "plans.expense", "pk": 6, "fields": {"name": "Photography", "total": "100", "deadline": "2018-03-12", "plan": 28}}, {"model": "auth.permission", "pk": 1, "fields": {"name": "Can add log entry", "content_type": 1, "codename": "add_logentry"}}, {"model": "auth.permission", "pk": 2, "fields": {"name": "Can change log entry", "content_type": 1, "codename": "change_logentry"}}, {"model": "auth.permission", "pk": 3, "fields": {"name": "Can delete log entry", "content_type": 1, "codename": "delete_logentry"}}, {"model": "auth.permission", "pk": 4, "fields": {"name": "Can add permission", "content_type": 2, "codename": "add_permission"}}, {"model": "auth.permission", "pk": 5, "fields": {"name": "Can change permission", "content_type": 2, "codename": "change_permission"}}, {"model": "auth.permission", "pk": 6, "fields": {"name": "Can delete permission", "content_type": 2, "codename": "delete_permission"}}, {"model": "auth.permission", "pk": 7, "fields": {"name": "Can add group", "content_type": 3, "codename": "add_group"}}, {"model": "auth.permission", "pk": 8, "fields": {"name": "Can change group", "content_type": 3, "codename": "change_group"}}, {"model": "auth.permission", "pk": 9, "fields": {"name": "Can delete group", "content_type": 3, "codename": "delete_group"}}, {"model": "auth.permission", "pk": 10, "fields": {"name": "Can add user", "content_type": 4, "codename": "add_user"}}, {"model": "auth.permission", "pk": 11, "fields": {"name": "Can change user", "content_type": 4, "codename": "change_user"}}, {"model": "auth.permission", "pk": 12, "fields": {"name": "Can delete user", "content_type": 4, "codename": "delete_user"}}, {"model": "auth.permission", "pk": 13, "fields": {"name": "Can add content type", "content_type": 5, "codename": "add_contenttype"}}, {"model": "auth.permission", "pk": 14, "fields": {"name": "Can change content type", "content_type": 5, "codename": "change_contenttype"}}, {"model": "auth.permission", "pk": 15, "fields": {"name": "Can delete content type", "content_type": 5, "codename": "delete_contenttype"}}, {"model": "auth.permission", "pk": 16, "fields": {"name": "Can add session", "content_type": 6, "codename": "add_session"}}, {"model": "auth.permission", "pk": 17, "fields": {"name": "Can change session", "content_type": 6, "codename": "change_session"}}, {"model": "auth.permission", "pk": 18, "fields": {"name": "Can delete session", "content_type": 6, "codename": "delete_session"}}, {"model": "auth.permission", "pk": 19, "fields": {"name": "Can add target group", "content_type": 7, "codename": "add_targetgroup"}}, {"model": "auth.permission", "pk": 20, "fields": {"name": "Can change target group", "content_type": 7, "codename": "change_targetgroup"}}, {"model": "auth.permission", "pk": 21, "fields": {"name": "Can delete target group", "content_type": 7, "codename": "delete_targetgroup"}}, {"model": "auth.permission", "pk": 22, "fields": {"name": "Can add publication", "content_type": 8, "codename": "add_publication"}}, {"model": "auth.permission", "pk": 23, "fields": {"name": "Can change publication", "content_type": 8, "codename": "change_publication"}}, {"model": "auth.permission", "pk": 24, "fields": {"name": "Can delete publication", "content_type": 8, "codename": "delete_publication"}}, {"model": "auth.permission", "pk": 25, "fields": {"name": "Can add image", "content_type": 9, "codename": "add_image"}}, {"model": "auth.permission", "pk": 26, "fields": {"name": "Can change image", "content_type": 9, "codename": "change_image"}}, {"model": "auth.permission", "pk": 27, "fields": {"name": "Can delete image", "content_type": 9, "codename": "delete_image"}}, {"model": "auth.permission", "pk": 28, "fields": {"name": "Can add deadline", "content_type": 10, "codename": "add_deadline"}}, {"model": "auth.permission", "pk": 29, "fields": {"name": "Can change deadline", "content_type": 10, "codename": "change_deadline"}}, {"model": "auth.permission", "pk": 30, "fields": {"name": "Can delete deadline", "content_type": 10, "codename": "delete_deadline"}}, {"model": "auth.permission", "pk": 31, "fields": {"name": "Can add recurrence", "content_type": 11, "codename": "add_recurrence"}}, {"model": "auth.permission", "pk": 32, "fields": {"name": "Can change recurrence", "content_type": 11, "codename": "change_recurrence"}}, {"model": "auth.permission", "pk": 33, "fields": {"name": "Can delete recurrence", "content_type": 11, "codename": "delete_recurrence"}}, {"model": "auth.permission", "pk": 34, "fields": {"name": "Can add client", "content_type": 12, "codename": "add_client"}}, {"model": "auth.permission", "pk": 35, "fields": {"name": "Can change client", "content_type": 12, "codename": "change_client"}}, {"model": "auth.permission", "pk": 36, "fields": {"name": "Can delete client", "content_type": 12, "codename": "delete_client"}}, {"model": "auth.permission", "pk": 37, "fields": {"name": "Can add rate", "content_type": 13, "codename": "add_rate"}}, {"model": "auth.permission", "pk": 38, "fields": {"name": "Can change rate", "content_type": 13, "codename": "change_rate"}}, {"model": "auth.permission", "pk": 39, "fields": {"name": "Can delete rate", "content_type": 13, "codename": "delete_rate"}}, {"model": "auth.permission", "pk": 40, "fields": {"name": "Can add thumbnail", "content_type": 14, "codename": "add_thumbnail"}}, {"model": "auth.permission", "pk": 41, "fields": {"name": "Can change thumbnail", "content_type": 14, "codename": "change_thumbnail"}}, {"model": "auth.permission", "pk": 42, "fields": {"name": "Can delete thumbnail", "content_type": 14, "codename": "delete_thumbnail"}}, {"model": "auth.permission", "pk": 43, "fields": {"name": "Can add design", "content_type": 15, "codename": "add_design"}}, {"model": "auth.permission", "pk": 44, "fields": {"name": "Can change design", "content_type": 15, "codename": "change_design"}}, {"model": "auth.permission", "pk": 45, "fields": {"name": "Can delete design", "content_type": 15, "codename": "delete_design"}}, {"model": "auth.permission", "pk": 46, "fields": {"name": "Can add file", "content_type": 16, "codename": "add_file"}}, {"model": "auth.permission", "pk": 47, "fields": {"name": "Can change file", "content_type": 16, "codename": "change_file"}}, {"model": "auth.permission", "pk": 48, "fields": {"name": "Can delete file", "content_type": 16, "codename": "delete_file"}}, {"model": "auth.permission", "pk": 49, "fields": {"name": "Can add media placement", "content_type": 17, "codename": "add_mediaplacement"}}, {"model": "auth.permission", "pk": 50, "fields": {"name": "Can change media placement", "content_type": 17, "codename": "change_mediaplacement"}}, {"model": "auth.permission", "pk": 51, "fields": {"name": "Can delete media placement", "content_type": 17, "codename": "delete_mediaplacement"}}, {"model": "auth.permission", "pk": 52, "fields": {"name": "Can add media plan", "content_type": 18, "codename": "add_mediaplan"}}, {"model": "auth.permission", "pk": 53, "fields": {"name": "Can change media plan", "content_type": 18, "codename": "change_mediaplan"}}, {"model": "auth.permission", "pk": 54, "fields": {"name": "Can delete media plan", "content_type": 18, "codename": "delete_mediaplan"}}, {"model": "auth.permission", "pk": 55, "fields": {"name": "Can add expense", "content_type": 19, "codename": "add_expense"}}, {"model": "auth.permission", "pk": 56, "fields": {"name": "Can change expense", "content_type": 19, "codename": "change_expense"}}, {"model": "auth.permission", "pk": 57, "fields": {"name": "Can delete expense", "content_type": 19, "codename": "delete_expense"}}, {"model": "auth.permission", "pk": 58, "fields": {"name": "Can add week", "content_type": 20, "codename": "add_week"}}, {"model": "auth.permission", "pk": 59, "fields": {"name": "Can change week", "content_type": 20, "codename": "change_week"}}, {"model": "auth.permission", "pk": 60, "fields": {"name": "Can delete week", "content_type": 20, "codename": "delete_week"}}, {"model": "auth.permission", "pk": 61, "fields": {"name": "Can add daily media placement", "content_type": 21, "codename": "add_dailymediaplacement"}}, {"model": "auth.permission", "pk": 62, "fields": {"name": "Can change daily media placement", "content_type": 21, "codename": "change_dailymediaplacement"}}, {"model": "auth.permission", "pk": 63, "fields": {"name": "Can delete daily media placement", "content_type": 21, "codename": "delete_dailymediaplacement"}}, {"model": "auth.permission", "pk": 64, "fields": {"name": "Can add full media placement", "content_type": 22, "codename": "add_fullmediaplacement"}}, {"model": "auth.permission", "pk": 65, "fields": {"name": "Can change full media placement", "content_type": 22, "codename": "change_fullmediaplacement"}}, {"model": "auth.permission", "pk": 66, "fields": {"name": "Can delete full media placement", "content_type": 22, "codename": "delete_fullmediaplacement"}}, {"model": "auth.permission", "pk": 67, "fields": {"name": "Can add weekly media placement", "content_type": 17, "codename": "add_weeklymediaplacement"}}, {"model": "auth.permission", "pk": 68, "fields": {"name": "Can change weekly media placement", "content_type": 17, "codename": "change_weeklymediaplacement"}}, {"model": "auth.permission", "pk": 69, "fields": {"name": "Can delete weekly media placement", "content_type": 17, "codename": "delete_weeklymediaplacement"}}, {"model": "auth.user", "pk": 1, "fields": {"password": "pbkdf2_sha256$100000$eoQI1nhZiJ7Q$VFh2G7k/3DicWON3uhZwy2vypW7Bgxffx1TWE8K+bBg=", "last_login": "2018-04-23T14:44:44.345Z", "is_superuser": true, "username": "admin", "first_name": "", "last_name": "", "email": "esty.mediaotg@gmail.conm", "is_staff": true, "is_active": true, "date_joined": "2018-03-22T17:24:55.216Z", "groups": [], "user_permissions": []}}, {"model": "admin.logentry", "pk": 1, "fields": {"action_time": "2018-03-22T17:28:30.300Z", "user": 1, "content_type": 7, "object_id": "2", "object_repr": "Monsey Weekly", "action_flag": 1, "change_message": "[{\"added\": {}}]"}}, {"model": "admin.logentry", "pk": 2, "fields": {"action_time": "2018-03-22T19:00:59.060Z", "user": 1, "content_type": 8, "object_id": "1", "object_repr": "Publication object (1)", "action_flag": 1, "change_message": "[{\"added\": {}}]"}}, {"model": "admin.logentry", "pk": 3, "fields": {"action_time": "2018-03-22T19:09:33.738Z", "user": 1, "content_type": 8, "object_id": "1", "object_repr": "Publication object (1)", "action_flag": 2, "change_message": "[{\"changed\": {\"fields\": [\"logo\"]}}]"}}, {"model": "admin.logentry", "pk": 4, "fields": {"action_time": "2018-03-22T19:10:03.693Z", "user": 1, "content_type": 8, "object_id": "1", "object_repr": "Publication object (1)", "action_flag": 2, "change_message": "[{\"changed\": {\"fields\": [\"logo\"]}}]"}}, {"model": "admin.logentry", "pk": 5, "fields": {"action_time": "2018-03-22T19:11:38.480Z", "user": 1, "content_type": 8, "object_id": "1", "object_repr": "Publication object (1)", "action_flag": 2, "change_message": "[{\"changed\": {\"fields\": [\"logo\"]}}]"}}, {"model": "admin.logentry", "pk": 6, "fields": {"action_time": "2018-03-22T19:12:02.131Z", "user": 1, "content_type": 8, "object_id": "1", "object_repr": "Publication object (1)", "action_flag": 2, "change_message": "[{\"changed\": {\"fields\": [\"logo\"]}}]"}}, {"model": "admin.logentry", "pk": 7, "fields": {"action_time": "2018-03-22T19:12:24.176Z", "user": 1, "content_type": 8, "object_id": "1", "object_repr": "Publication object (1)", "action_flag": 2, "change_message": "[{\"changed\": {\"fields\": [\"logo\"]}}]"}}, {"model": "admin.logentry", "pk": 8, "fields": {"action_time": "2018-03-22T19:13:31.615Z", "user": 1, "content_type": 8, "object_id": "1", "object_repr": "Publication object (1)", "action_flag": 2, "change_message": "[{\"changed\": {\"fields\": [\"logo\"]}}]"}}, {"model": "admin.logentry", "pk": 9, "fields": {"action_time": "2018-03-23T15:22:08.249Z", "user": 1, "content_type": 8, "object_id": "1", "object_repr": "Publication object (1)", "action_flag": 2, "change_message": "[{\"changed\": {\"fields\": [\"targetGroups\"]}}]"}}, {"model": "admin.logentry", "pk": 10, "fields": {"action_time": "2018-03-23T17:02:49.597Z", "user": 1, "content_type": 8, "object_id": "2", "object_repr": "Publication object (2)", "action_flag": 1, "change_message": "[{\"added\": {}}]"}}, {"model": "admin.logentry", "pk": 11, "fields": {"action_time": "2018-03-26T17:23:49.066Z", "user": 1, "content_type": 7, "object_id": "3", "object_repr": "Williamsburg Weekly", "action_flag": 1, "change_message": "[{\"added\": {}}]"}}, {"model": "admin.logentry", "pk": 12, "fields": {"action_time": "2018-03-26T17:23:58.168Z", "user": 1, "content_type": 7, "object_id": "4", "object_repr": "Boro Park Weekly", "action_flag": 1, "change_message": "[{\"added\": {}}]"}}, {"model": "admin.logentry", "pk": 13, "fields": {"action_time": "2018-03-26T19:01:36.518Z", "user": 1, "content_type": 7, "object_id": "22", "object_repr": "Hotlines", "action_flag": 3, "change_message": ""}}, {"model": "admin.logentry", "pk": 14, "fields": {"action_time": "2018-03-26T19:01:36.520Z", "user": 1, "content_type": 7, "object_id": "21", "object_repr": "Yiddish Magazines", "action_flag": 3, "change_message": ""}}, {"model": "admin.logentry", "pk": 15, "fields": {"action_time": "2018-03-26T19:01:36.521Z", "user": 1, "content_type": 7, "object_id": "20", "object_repr": "Kids English", "action_flag": 3, "change_message": ""}}, {"model": "admin.logentry", "pk": 16, "fields": {"action_time": "2018-03-26T19:01:36.522Z", "user": 1, "content_type": 7, "object_id": "19", "object_repr": "Kids Yiddish", "action_flag": 3, "change_message": ""}}, {"model": "admin.logentry", "pk": 17, "fields": {"action_time": "2018-03-26T19:01:36.522Z", "user": 1, "content_type": 7, "object_id": "17", "object_repr": "Yiddish Magazines", "action_flag": 3, "change_message": ""}}, {"model": "admin.logentry", "pk": 18, "fields": {"action_time": "2018-03-26T19:01:36.523Z", "user": 1, "content_type": 7, "object_id": "16", "object_repr": "Kids English", "action_flag": 3, "change_message": ""}}, {"model": "admin.logentry", "pk": 19, "fields": {"action_time": "2018-03-26T19:01:36.524Z", "user": 1, "content_type": 7, "object_id": "15", "object_repr": "Kids Yiddish", "action_flag": 3, "change_message": ""}}, {"model": "admin.logentry", "pk": 20, "fields": {"action_time": "2018-03-26T19:01:36.525Z", "user": 1, "content_type": 7, "object_id": "14", "object_repr": "Hotlines", "action_flag": 3, "change_message": ""}}, {"model": "admin.logentry", "pk": 21, "fields": {"action_time": "2018-03-26T19:01:36.526Z", "user": 1, "content_type": 7, "object_id": "13", "object_repr": "Yiddish Magazines", "action_flag": 3, "change_message": ""}}, {"model": "admin.logentry", "pk": 22, "fields": {"action_time": "2018-03-26T19:01:36.527Z", "user": 1, "content_type": 7, "object_id": "12", "object_repr": "Kids English", "action_flag": 3, "change_message": ""}}, {"model": "admin.logentry", "pk": 23, "fields": {"action_time": "2018-03-26T19:01:36.527Z", "user": 1, "content_type": 7, "object_id": "11", "object_repr": "Kids Yiddish", "action_flag": 3, "change_message": ""}}, {"model": "admin.logentry", "pk": 24, "fields": {"action_time": "2018-03-26T19:01:36.528Z", "user": 1, "content_type": 7, "object_id": "9", "object_repr": "Yiddish Magazines", "action_flag": 3, "change_message": ""}}, {"model": "admin.logentry", "pk": 25, "fields": {"action_time": "2018-03-26T19:01:36.529Z", "user": 1, "content_type": 7, "object_id": "8", "object_repr": "Kids English", "action_flag": 3, "change_message": ""}}, {"model": "admin.logentry", "pk": 26, "fields": {"action_time": "2018-03-26T19:01:36.530Z", "user": 1, "content_type": 7, "object_id": "7", "object_repr": "Kids Yiddish", "action_flag": 3, "change_message": ""}}, {"model": "admin.logentry", "pk": 27, "fields": {"action_time": "2018-03-26T19:02:24.691Z", "user": 1, "content_type": 7, "object_id": "26", "object_repr": "Hotlines", "action_flag": 3, "change_message": ""}}, {"model": "admin.logentry", "pk": 28, "fields": {"action_time": "2018-03-26T19:02:24.693Z", "user": 1, "content_type": 7, "object_id": "25", "object_repr": "Yiddish Magazines", "action_flag": 3, "change_message": ""}}, {"model": "admin.logentry", "pk": 29, "fields": {"action_time": "2018-03-26T19:02:24.694Z", "user": 1, "content_type": 7, "object_id": "24", "object_repr": "Kids English", "action_flag": 3, "change_message": ""}}, {"model": "admin.logentry", "pk": 30, "fields": {"action_time": "2018-03-26T19:02:24.695Z", "user": 1, "content_type": 7, "object_id": "23", "object_repr": "Kids Yiddish", "action_flag": 3, "change_message": ""}}, {"model": "admin.logentry", "pk": 31, "fields": {"action_time": "2018-03-26T19:22:22.985Z", "user": 1, "content_type": 7, "object_id": "34", "object_repr": "Hotlines", "action_flag": 3, "change_message": ""}}, {"model": "admin.logentry", "pk": 32, "fields": {"action_time": "2018-03-26T19:22:22.987Z", "user": 1, "content_type": 7, "object_id": "33", "object_repr": "Yiddish Magazines", "action_flag": 3, "change_message": ""}}, {"model": "admin.logentry", "pk": 33, "fields": {"action_time": "2018-03-26T19:22:22.988Z", "user": 1, "content_type": 7, "object_id": "32", "object_repr": "Kids English", "action_flag": 3, "change_message": ""}}, {"model": "admin.logentry", "pk": 34, "fields": {"action_time": "2018-03-26T19:22:22.989Z", "user": 1, "content_type": 7, "object_id": "31", "object_repr": "Kids Yiddish", "action_flag": 3, "change_message": ""}}, {"model": "admin.logentry", "pk": 35, "fields": {"action_time": "2018-03-26T19:22:22.990Z", "user": 1, "content_type": 7, "object_id": "30", "object_repr": "Hotlines", "action_flag": 3, "change_message": ""}}, {"model": "admin.logentry", "pk": 36, "fields": {"action_time": "2018-03-26T19:22:22.990Z", "user": 1, "content_type": 7, "object_id": "29", "object_repr": "Yiddish Magazines", "action_flag": 3, "change_message": ""}}, {"model": "admin.logentry", "pk": 37, "fields": {"action_time": "2018-03-26T19:22:22.991Z", "user": 1, "content_type": 7, "object_id": "28", "object_repr": "Kids English", "action_flag": 3, "change_message": ""}}, {"model": "admin.logentry", "pk": 38, "fields": {"action_time": "2018-03-26T19:22:22.992Z", "user": 1, "content_type": 7, "object_id": "27", "object_repr": "Kids Yiddish", "action_flag": 3, "change_message": ""}}, {"model": "admin.logentry", "pk": 39, "fields": {"action_time": "2018-03-27T16:49:11.525Z", "user": 1, "content_type": 8, "object_id": "5", "object_repr": "Publication Name2", "action_flag": 3, "change_message": ""}}, {"model": "admin.logentry", "pk": 40, "fields": {"action_time": "2018-03-27T16:49:11.527Z", "user": 1, "content_type": 8, "object_id": "4", "object_repr": "Publication Name", "action_flag": 3, "change_message": ""}}, {"model": "admin.logentry", "pk": 41, "fields": {"action_time": "2018-03-27T16:49:11.528Z", "user": 1, "content_type": 8, "object_id": "3", "object_repr": "", "action_flag": 3, "change_message": ""}}, {"model": "admin.logentry", "pk": 42, "fields": {"action_time": "2018-03-27T17:08:33.408Z", "user": 1, "content_type": 8, "object_id": "2", "object_repr": "Binah Magazine", "action_flag": 3, "change_message": ""}}, {"model": "admin.logentry", "pk": 43, "fields": {"action_time": "2018-03-27T17:08:33.410Z", "user": 1, "content_type": 8, "object_id": "1", "object_repr": "Ami Magazine", "action_flag": 3, "change_message": ""}}, {"model": "admin.logentry", "pk": 44, "fields": {"action_time": "2018-03-27T19:39:24.742Z", "user": 1, "content_type": 11, "object_id": "1", "object_repr": "Recurrence object (1)", "action_flag": 1, "change_message": "[{\"added\": {}}]"}}, {"model": "admin.logentry", "pk": 45, "fields": {"action_time": "2018-03-27T19:39:31.346Z", "user": 1, "content_type": 11, "object_id": "2", "object_repr": "Recurrence object (2)", "action_flag": 1, "change_message": "[{\"added\": {}}]"}}, {"model": "admin.logentry", "pk": 46, "fields": {"action_time": "2018-03-27T19:40:05.187Z", "user": 1, "content_type": 11, "object_id": "2", "object_repr": "Recurrence object (2)", "action_flag": 3, "change_message": ""}}, {"model": "admin.logentry", "pk": 47, "fields": {"action_time": "2018-03-27T19:40:05.188Z", "user": 1, "content_type": 11, "object_id": "1", "object_repr": "Recurrence object (1)", "action_flag": 3, "change_message": ""}}, {"model": "admin.logentry", "pk": 48, "fields": {"action_time": "2018-03-27T20:37:59.668Z", "user": 1, "content_type": 8, "object_id": "1", "object_repr": "Ami Magazine", "action_flag": 2, "change_message": "[{\"changed\": {\"fields\": [\"logo\", \"targetGroups\"]}}]"}}, {"model": "admin.logentry", "pk": 49, "fields": {"action_time": "2018-03-27T20:41:02.881Z", "user": 1, "content_type": 8, "object_id": "1", "object_repr": "Ami Magazine", "action_flag": 2, "change_message": "[{\"changed\": {\"fields\": [\"logo\", \"targetGroups\"]}}]"}}, {"model": "admin.logentry", "pk": 50, "fields": {"action_time": "2018-03-28T15:41:24.889Z", "user": 1, "content_type": 8, "object_id": "4", "object_repr": "The Bulletin", "action_flag": 3, "change_message": ""}}, {"model": "admin.logentry", "pk": 51, "fields": {"action_time": "2018-03-28T15:43:43.850Z", "user": 1, "content_type": 13, "object_id": "4", "object_repr": "Rate object (4)", "action_flag": 3, "change_message": ""}}, {"model": "admin.logentry", "pk": 52, "fields": {"action_time": "2018-03-28T15:43:43.853Z", "user": 1, "content_type": 13, "object_id": "3", "object_repr": "Rate object (3)", "action_flag": 3, "change_message": ""}}, {"model": "admin.logentry", "pk": 53, "fields": {"action_time": "2018-03-28T15:43:51.536Z", "user": 1, "content_type": 8, "object_id": "4", "object_repr": "The Bulletin", "action_flag": 3, "change_message": ""}}, {"model": "admin.logentry", "pk": 54, "fields": {"action_time": "2018-03-28T15:45:57.098Z", "user": 1, "content_type": 13, "object_id": "6", "object_repr": "Rate object (6)", "action_flag": 3, "change_message": ""}}, {"model": "admin.logentry", "pk": 55, "fields": {"action_time": "2018-03-28T15:45:57.100Z", "user": 1, "content_type": 13, "object_id": "5", "object_repr": "Rate object (5)", "action_flag": 3, "change_message": ""}}, {"model": "admin.logentry", "pk": 56, "fields": {"action_time": "2018-03-28T15:46:04.784Z", "user": 1, "content_type": 8, "object_id": "5", "object_repr": "The Bulletin", "action_flag": 3, "change_message": ""}}, {"model": "admin.logentry", "pk": 57, "fields": {"action_time": "2018-03-28T15:47:18.642Z", "user": 1, "content_type": 8, "object_id": "6", "object_repr": "The Bulletin", "action_flag": 3, "change_message": ""}}, {"model": "admin.logentry", "pk": 58, "fields": {"action_time": "2018-03-28T15:50:13.741Z", "user": 1, "content_type": 8, "object_id": "7", "object_repr": "The Bulletin", "action_flag": 3, "change_message": ""}}, {"model": "admin.logentry", "pk": 59, "fields": {"action_time": "2018-03-28T17:08:37.204Z", "user": 1, "content_type": 8, "object_id": "8", "object_repr": "The Bulletin", "action_flag": 2, "change_message": "[{\"changed\": {\"fields\": [\"targetGroups\"]}}]"}}, {"model": "admin.logentry", "pk": 60, "fields": {"action_time": "2018-04-09T18:42:06.896Z", "user": 1, "content_type": 12, "object_id": "1", "object_repr": "Kayco", "action_flag": 1, "change_message": "[{\"added\": {}}]"}}, {"model": "admin.logentry", "pk": 61, "fields": {"action_time": "2018-04-10T17:50:04.228Z", "user": 1, "content_type": 12, "object_id": "4", "object_repr": "Demo Publication", "action_flag": 3, "change_message": ""}}, {"model": "admin.logentry", "pk": 62, "fields": {"action_time": "2018-04-10T17:50:04.230Z", "user": 1, "content_type": 12, "object_id": "3", "object_repr": "Demo Client", "action_flag": 3, "change_message": ""}}, {"model": "admin.logentry", "pk": 63, "fields": {"action_time": "2018-04-10T18:52:11.073Z", "user": 1, "content_type": 12, "object_id": "7", "object_repr": "Gefen2", "action_flag": 3, "change_message": ""}}, {"model": "admin.logentry", "pk": 64, "fields": {"action_time": "2018-04-10T18:52:11.075Z", "user": 1, "content_type": 12, "object_id": "6", "object_repr": "Gefen2", "action_flag": 3, "change_message": ""}}, {"model": "admin.logentry", "pk": 65, "fields": {"action_time": "2018-04-10T18:52:11.076Z", "user": 1, "content_type": 12, "object_id": "5", "object_repr": "Gefen2", "action_flag": 3, "change_message": ""}}, {"model": "admin.logentry", "pk": 66, "fields": {"action_time": "2018-04-10T20:07:03.859Z", "user": 1, "content_type": 13, "object_id": "35", "object_repr": "Full Page", "action_flag": 2, "change_message": "[{\"changed\": {\"fields\": [\"rateName\"]}}]"}}, {"model": "admin.logentry", "pk": 67, "fields": {"action_time": "2018-04-10T20:07:13.173Z", "user": 1, "content_type": 13, "object_id": "36", "object_repr": "Full Page", "action_flag": 2, "change_message": "[{\"changed\": {\"fields\": [\"rateName\"]}}]"}}, {"model": "admin.logentry", "pk": 68, "fields": {"action_time": "2018-04-10T20:07:22.174Z", "user": 1, "content_type": 13, "object_id": "37", "object_repr": "Half Page", "action_flag": 2, "change_message": "[{\"changed\": {\"fields\": [\"rateName\"]}}]"}}, {"model": "admin.logentry", "pk": 69, "fields": {"action_time": "2018-04-10T20:07:30.882Z", "user": 1, "content_type": 13, "object_id": "38", "object_repr": "Third Page", "action_flag": 2, "change_message": "[{\"changed\": {\"fields\": [\"rateName\"]}}]"}}, {"model": "admin.logentry", "pk": 70, "fields": {"action_time": "2018-04-12T14:15:51.347Z", "user": 1, "content_type": 18, "object_id": "2", "object_repr": "Color Sale Summer 2018", "action_flag": 3, "change_message": ""}}, {"model": "admin.logentry", "pk": 71, "fields": {"action_time": "2018-04-12T14:16:12.259Z", "user": 1, "content_type": 18, "object_id": "3", "object_repr": "Color Sale Summer 2018", "action_flag": 3, "change_message": ""}}, {"model": "admin.logentry", "pk": 72, "fields": {"action_time": "2018-04-12T20:44:20.319Z", "user": 1, "content_type": 18, "object_id": "5", "object_repr": "Color Sale Winter 2018", "action_flag": 3, "change_message": ""}}, {"model": "admin.logentry", "pk": 73, "fields": {"action_time": "2018-04-12T20:44:50.549Z", "user": 1, "content_type": 18, "object_id": "6", "object_repr": "Color Sale Winter 2018", "action_flag": 3, "change_message": ""}}, {"model": "admin.logentry", "pk": 74, "fields": {"action_time": "2018-04-16T14:18:37.136Z", "user": 1, "content_type": 18, "object_id": "11", "object_repr": "Demo Campaign 4", "action_flag": 2, "change_message": "[{\"changed\": {\"fields\": [\"audience\"]}}]"}}, {"model": "admin.logentry", "pk": 75, "fields": {"action_time": "2018-04-17T17:02:22.872Z", "user": 1, "content_type": 18, "object_id": "25", "object_repr": "Campaign 9", "action_flag": 2, "change_message": "[{\"changed\": {\"fields\": [\"budget\"]}}]"}}, {"model": "admin.logentry", "pk": 76, "fields": {"action_time": "2018-04-17T17:03:22.071Z", "user": 1, "content_type": 18, "object_id": "25", "object_repr": "Campaign 9", "action_flag": 2, "change_message": "[{\"changed\": {\"fields\": [\"budget\"]}}]"}}, {"model": "admin.logentry", "pk": 77, "fields": {"action_time": "2018-04-19T15:57:49.491Z", "user": 1, "content_type": 18, "object_id": "25", "object_repr": "Campaign 9", "action_flag": 2, "change_message": "[{\"changed\": {\"fields\": [\"budget\"]}}]"}}, {"model": "admin.logentry", "pk": 78, "fields": {"action_time": "2018-04-19T15:57:59.907Z", "user": 1, "content_type": 18, "object_id": "25", "object_repr": "Campaign 9", "action_flag": 2, "change_message": "[{\"changed\": {\"fields\": [\"budget\"]}}]"}}, {"model": "admin.logentry", "pk": 79, "fields": {"action_time": "2018-04-23T14:50:34.067Z", "user": 1, "content_type": 17, "object_id": "8", "object_repr": "WeeklyMediaPlacement object (8)", "action_flag": 3, "change_message": ""}}, {"model": "admin.logentry", "pk": 80, "fields": {"action_time": "2018-04-23T14:50:34.068Z", "user": 1, "content_type": 17, "object_id": "7", "object_repr": "WeeklyMediaPlacement object (7)", "action_flag": 3, "change_message": ""}}, {"model": "admin.logentry", "pk": 81, "fields": {"action_time": "2018-04-23T14:50:34.069Z", "user": 1, "content_type": 17, "object_id": "6", "object_repr": "WeeklyMediaPlacement object (6)", "action_flag": 3, "change_message": ""}}, {"model": "admin.logentry", "pk": 82, "fields": {"action_time": "2018-04-23T14:50:34.069Z", "user": 1, "content_type": 17, "object_id": "5", "object_repr": "WeeklyMediaPlacement object (5)", "action_flag": 3, "change_message": ""}}, {"model": "admin.logentry", "pk": 83, "fields": {"action_time": "2018-04-23T14:50:34.070Z", "user": 1, "content_type": 17, "object_id": "4", "object_repr": "WeeklyMediaPlacement object (4)", "action_flag": 3, "change_message": ""}}, {"model": "admin.logentry", "pk": 84, "fields": {"action_time": "2018-04-23T14:50:34.071Z", "user": 1, "content_type": 17, "object_id": "3", "object_repr": "WeeklyMediaPlacement object (3)", "action_flag": 3, "change_message": ""}}, {"model": "admin.logentry", "pk": 85, "fields": {"action_time": "2018-04-23T14:50:34.072Z", "user": 1, "content_type": 17, "object_id": "2", "object_repr": "WeeklyMediaPlacement object (2)", "action_flag": 3, "change_message": ""}}, {"model": "admin.logentry", "pk": 86, "fields": {"action_time": "2018-04-23T14:50:34.073Z", "user": 1, "content_type": 17, "object_id": "1", "object_repr": "WeeklyMediaPlacement object (1)", "action_flag": 3, "change_message": ""}}, {"model": "admin.logentry", "pk": 87, "fields": {"action_time": "2018-04-23T14:51:32.892Z", "user": 1, "content_type": 21, "object_id": "3", "object_repr": "DailyMediaPlacement object (3)", "action_flag": 3, "change_message": ""}}, {"model": "admin.logentry", "pk": 88, "fields": {"action_time": "2018-04-23T14:51:32.894Z", "user": 1, "content_type": 21, "object_id": "2", "object_repr": "DailyMediaPlacement object (2)", "action_flag": 3, "change_message": ""}}, {"model": "admin.logentry", "pk": 89, "fields": {"action_time": "2018-04-23T14:51:32.894Z", "user": 1, "content_type": 21, "object_id": "1", "object_repr": "DailyMediaPlacement object (1)", "action_flag": 3, "change_message": ""}}, {"model": "admin.logentry", "pk": 90, "fields": {"action_time": "2018-04-23T14:51:38.990Z", "user": 1, "content_type": 17, "object_id": "16", "object_repr": "WeeklyMediaPlacement object (16)", "action_flag": 3, "change_message": ""}}, {"model": "admin.logentry", "pk": 91, "fields": {"action_time": "2018-04-23T14:51:38.992Z", "user": 1, "content_type": 17, "object_id": "15", "object_repr": "WeeklyMediaPlacement object (15)", "action_flag": 3, "change_message": ""}}, {"model": "admin.logentry", "pk": 92, "fields": {"action_time": "2018-04-23T14:51:38.993Z", "user": 1, "content_type": 17, "object_id": "14", "object_repr": "WeeklyMediaPlacement object (14)", "action_flag": 3, "change_message": ""}}, {"model": "admin.logentry", "pk": 93, "fields": {"action_time": "2018-04-23T14:51:38.994Z", "user": 1, "content_type": 17, "object_id": "13", "object_repr": "WeeklyMediaPlacement object (13)", "action_flag": 3, "change_message": ""}}, {"model": "admin.logentry", "pk": 94, "fields": {"action_time": "2018-04-23T14:51:38.995Z", "user": 1, "content_type": 17, "object_id": "12", "object_repr": "WeeklyMediaPlacement object (12)", "action_flag": 3, "change_message": ""}}, {"model": "admin.logentry", "pk": 95, "fields": {"action_time": "2018-04-23T14:51:38.995Z", "user": 1, "content_type": 17, "object_id": "11", "object_repr": "WeeklyMediaPlacement object (11)", "action_flag": 3, "change_message": ""}}, {"model": "admin.logentry", "pk": 96, "fields": {"action_time": "2018-04-23T14:51:38.996Z", "user": 1, "content_type": 17, "object_id": "10", "object_repr": "WeeklyMediaPlacement object (10)", "action_flag": 3, "change_message": ""}}, {"model": "admin.logentry", "pk": 97, "fields": {"action_time": "2018-04-23T14:51:38.997Z", "user": 1, "content_type": 17, "object_id": "9", "object_repr": "WeeklyMediaPlacement object (9)", "action_flag": 3, "change_message": ""}}, {"model": "admin.logentry", "pk": 98, "fields": {"action_time": "2018-04-23T14:55:00.325Z", "user": 1, "content_type": 17, "object_id": "22", "object_repr": "WeeklyMediaPlacement object (22)", "action_flag": 3, "change_message": ""}}, {"model": "admin.logentry", "pk": 99, "fields": {"action_time": "2018-04-23T14:55:00.327Z", "user": 1, "content_type": 17, "object_id": "21", "object_repr": "WeeklyMediaPlacement object (21)", "action_flag": 3, "change_message": ""}}, {"model": "admin.logentry", "pk": 100, "fields": {"action_time": "2018-04-23T14:55:00.328Z", "user": 1, "content_type": 17, "object_id": "20", "object_repr": "WeeklyMediaPlacement object (20)", "action_flag": 3, "change_message": ""}}, {"model": "admin.logentry", "pk": 101, "fields": {"action_time": "2018-04-23T14:55:00.328Z", "user": 1, "content_type": 17, "object_id": "19", "object_repr": "WeeklyMediaPlacement object (19)", "action_flag": 3, "change_message": ""}}, {"model": "admin.logentry", "pk": 102, "fields": {"action_time": "2018-04-23T14:55:00.329Z", "user": 1, "content_type": 17, "object_id": "18", "object_repr": "WeeklyMediaPlacement object (18)", "action_flag": 3, "change_message": ""}}, {"model": "admin.logentry", "pk": 103, "fields": {"action_time": "2018-04-23T14:55:00.330Z", "user": 1, "content_type": 17, "object_id": "17", "object_repr": "WeeklyMediaPlacement object (17)", "action_flag": 3, "change_message": ""}}, {"model": "admin.logentry", "pk": 104, "fields": {"action_time": "2018-04-23T14:55:07.592Z", "user": 1, "content_type": 21, "object_id": "6", "object_repr": "DailyMediaPlacement object (6)", "action_flag": 3, "change_message": ""}}, {"model": "admin.logentry", "pk": 105, "fields": {"action_time": "2018-04-23T14:55:07.594Z", "user": 1, "content_type": 21, "object_id": "5", "object_repr": "DailyMediaPlacement object (5)", "action_flag": 3, "change_message": ""}}, {"model": "admin.logentry", "pk": 106, "fields": {"action_time": "2018-04-23T14:55:07.595Z", "user": 1, "content_type": 21, "object_id": "4", "object_repr": "DailyMediaPlacement object (4)", "action_flag": 3, "change_message": ""}}, {"model": "admin.logentry", "pk": 107, "fields": {"action_time": "2018-04-23T15:01:54.706Z", "user": 1, "content_type": 17, "object_id": "28", "object_repr": "WeeklyMediaPlacement object (28)", "action_flag": 3, "change_message": ""}}, {"model": "admin.logentry", "pk": 108, "fields": {"action_time": "2018-04-23T15:01:54.708Z", "user": 1, "content_type": 17, "object_id": "27", "object_repr": "WeeklyMediaPlacement object (27)", "action_flag": 3, "change_message": ""}}, {"model": "admin.logentry", "pk": 109, "fields": {"action_time": "2018-04-23T15:01:54.709Z", "user": 1, "content_type": 17, "object_id": "26", "object_repr": "WeeklyMediaPlacement object (26)", "action_flag": 3, "change_message": ""}}, {"model": "admin.logentry", "pk": 110, "fields": {"action_time": "2018-04-23T15:01:54.710Z", "user": 1, "content_type": 17, "object_id": "25", "object_repr": "WeeklyMediaPlacement object (25)", "action_flag": 3, "change_message": ""}}, {"model": "admin.logentry", "pk": 111, "fields": {"action_time": "2018-04-23T15:01:54.711Z", "user": 1, "content_type": 17, "object_id": "24", "object_repr": "WeeklyMediaPlacement object (24)", "action_flag": 3, "change_message": ""}}, {"model": "admin.logentry", "pk": 112, "fields": {"action_time": "2018-04-23T15:01:54.712Z", "user": 1, "content_type": 17, "object_id": "23", "object_repr": "WeeklyMediaPlacement object (23)", "action_flag": 3, "change_message": ""}}, {"model": "admin.logentry", "pk": 113, "fields": {"action_time": "2018-04-23T15:02:11.603Z", "user": 1, "content_type": 22, "object_id": "2", "object_repr": "FullMediaPlacement object (2)", "action_flag": 3, "change_message": ""}}, {"model": "admin.logentry", "pk": 114, "fields": {"action_time": "2018-04-23T15:02:11.605Z", "user": 1, "content_type": 22, "object_id": "1", "object_repr": "FullMediaPlacement object (1)", "action_flag": 3, "change_message": ""}}, {"model": "admin.logentry", "pk": 115, "fields": {"action_time": "2018-04-23T15:02:18.128Z", "user": 1, "content_type": 21, "object_id": "9", "object_repr": "DailyMediaPlacement object (9)", "action_flag": 3, "change_message": ""}}, {"model": "admin.logentry", "pk": 116, "fields": {"action_time": "2018-04-23T15:02:18.131Z", "user": 1, "content_type": 21, "object_id": "8", "object_repr": "DailyMediaPlacement object (8)", "action_flag": 3, "change_message": ""}}, {"model": "admin.logentry", "pk": 117, "fields": {"action_time": "2018-04-23T15:02:18.131Z", "user": 1, "content_type": 21, "object_id": "7", "object_repr": "DailyMediaPlacement object (7)", "action_flag": 3, "change_message": ""}}, {"model": "admin.logentry", "pk": 118, "fields": {"action_time": "2018-04-23T15:40:05.149Z", "user": 1, "content_type": 21, "object_id": "12", "object_repr": "DailyMediaPlacement object (12)", "action_flag": 3, "change_message": ""}}, {"model": "admin.logentry", "pk": 119, "fields": {"action_time": "2018-04-23T15:40:05.151Z", "user": 1, "content_type": 21, "object_id": "11", "object_repr": "DailyMediaPlacement object (11)", "action_flag": 3, "change_message": ""}}, {"model": "admin.logentry", "pk": 120, "fields": {"action_time": "2018-04-23T15:40:05.151Z", "user": 1, "content_type": 21, "object_id": "10", "object_repr": "DailyMediaPlacement object (10)", "action_flag": 3, "change_message": ""}}, {"model": "admin.logentry", "pk": 121, "fields": {"action_time": "2018-04-23T15:40:11.033Z", "user": 1, "content_type": 22, "object_id": "4", "object_repr": "FullMediaPlacement object (4)", "action_flag": 3, "change_message": ""}}, {"model": "admin.logentry", "pk": 122, "fields": {"action_time": "2018-04-23T15:40:11.034Z", "user": 1, "content_type": 22, "object_id": "3", "object_repr": "FullMediaPlacement object (3)", "action_flag": 3, "change_message": ""}}, {"model": "admin.logentry", "pk": 123, "fields": {"action_time": "2018-04-23T15:40:16.815Z", "user": 1, "content_type": 17, "object_id": "34", "object_repr": "WeeklyMediaPlacement object (34)", "action_flag": 3, "change_message": ""}}, {"model": "admin.logentry", "pk": 124, "fields": {"action_time": "2018-04-23T15:40:16.817Z", "user": 1, "content_type": 17, "object_id": "33", "object_repr": "WeeklyMediaPlacement object (33)", "action_flag": 3, "change_message": ""}}, {"model": "admin.logentry", "pk": 125, "fields": {"action_time": "2018-04-23T15:40:16.818Z", "user": 1, "content_type": 17, "object_id": "32", "object_repr": "WeeklyMediaPlacement object (32)", "action_flag": 3, "change_message": ""}}, {"model": "admin.logentry", "pk": 126, "fields": {"action_time": "2018-04-23T15:40:16.819Z", "user": 1, "content_type": 17, "object_id": "31", "object_repr": "WeeklyMediaPlacement object (31)", "action_flag": 3, "change_message": ""}}, {"model": "admin.logentry", "pk": 127, "fields": {"action_time": "2018-04-23T15:40:16.820Z", "user": 1, "content_type": 17, "object_id": "30", "object_repr": "WeeklyMediaPlacement object (30)", "action_flag": 3, "change_message": ""}}, {"model": "admin.logentry", "pk": 128, "fields": {"action_time": "2018-04-23T15:40:16.821Z", "user": 1, "content_type": 17, "object_id": "29", "object_repr": "WeeklyMediaPlacement object (29)", "action_flag": 3, "change_message": ""}}, {"model": "admin.logentry", "pk": 129, "fields": {"action_time": "2018-04-23T15:40:24.083Z", "user": 1, "content_type": 19, "object_id": "2", "object_repr": "Expense object (2)", "action_flag": 3, "change_message": ""}}, {"model": "admin.logentry", "pk": 130, "fields": {"action_time": "2018-04-23T15:40:24.085Z", "user": 1, "content_type": 19, "object_id": "1", "object_repr": "Expense object (1)", "action_flag": 3, "change_message": ""}}, {"model": "admin.logentry", "pk": 131, "fields": {"action_time": "2018-04-23T18:16:49.158Z", "user": 1, "content_type": 19, "object_id": "4", "object_repr": "Expense object (4)", "action_flag": 3, "change_message": ""}}, {"model": "admin.logentry", "pk": 132, "fields": {"action_time": "2018-04-24T13:49:22.381Z", "user": 1, "content_type": 18, "object_id": "27", "object_repr": "Demo Campaign 3", "action_flag": 3, "change_message": ""}}, {"model": "admin.logentry", "pk": 133, "fields": {"action_time": "2018-04-24T13:49:22.383Z", "user": 1, "content_type": 18, "object_id": "26", "object_repr": "Campaign 10", "action_flag": 3, "change_message": ""}}, {"model": "admin.logentry", "pk": 134, "fields": {"action_time": "2018-04-24T13:49:22.384Z", "user": 1, "content_type": 18, "object_id": "25", "object_repr": "Campaign 9", "action_flag": 3, "change_message": ""}}, {"model": "admin.logentry", "pk": 135, "fields": {"action_time": "2018-04-24T13:49:22.385Z", "user": 1, "content_type": 18, "object_id": "24", "object_repr": "Campaign 8", "action_flag": 3, "change_message": ""}}, {"model": "admin.logentry", "pk": 136, "fields": {"action_time": "2018-04-24T13:49:22.385Z", "user": 1, "content_type": 18, "object_id": "23", "object_repr": "Campaign 7", "action_flag": 3, "change_message": ""}}, {"model": "admin.logentry", "pk": 137, "fields": {"action_time": "2018-04-24T13:49:22.386Z", "user": 1, "content_type": 18, "object_id": "22", "object_repr": "Campaign 6", "action_flag": 3, "change_message": ""}}, {"model": "admin.logentry", "pk": 138, "fields": {"action_time": "2018-04-24T13:49:22.387Z", "user": 1, "content_type": 18, "object_id": "21", "object_repr": "Campaign 5", "action_flag": 3, "change_message": ""}}, {"model": "admin.logentry", "pk": 139, "fields": {"action_time": "2018-04-24T13:49:22.388Z", "user": 1, "content_type": 18, "object_id": "20", "object_repr": "Campaign 4", "action_flag": 3, "change_message": ""}}, {"model": "admin.logentry", "pk": 140, "fields": {"action_time": "2018-04-24T13:49:22.388Z", "user": 1, "content_type": 18, "object_id": "19", "object_repr": "Campaign 2", "action_flag": 3, "change_message": ""}}, {"model": "admin.logentry", "pk": 141, "fields": {"action_time": "2018-04-24T13:49:22.389Z", "user": 1, "content_type": 18, "object_id": "18", "object_repr": "Campaign 1", "action_flag": 3, "change_message": ""}}, {"model": "admin.logentry", "pk": 142, "fields": {"action_time": "2018-04-24T13:49:22.390Z", "user": 1, "content_type": 18, "object_id": "17", "object_repr": "Demo Campaign 10", "action_flag": 3, "change_message": ""}}, {"model": "admin.logentry", "pk": 143, "fields": {"action_time": "2018-04-24T13:49:22.391Z", "user": 1, "content_type": 18, "object_id": "16", "object_repr": "Demo Campaign 9", "action_flag": 3, "change_message": ""}}, {"model": "admin.logentry", "pk": 144, "fields": {"action_time": "2018-04-24T13:49:22.391Z", "user": 1, "content_type": 18, "object_id": "15", "object_repr": "Demo Campaign 8", "action_flag": 3, "change_message": ""}}, {"model": "admin.logentry", "pk": 145, "fields": {"action_time": "2018-04-24T13:49:22.392Z", "user": 1, "content_type": 18, "object_id": "14", "object_repr": "Demo Campaign 7", "action_flag": 3, "change_message": ""}}, {"model": "admin.logentry", "pk": 146, "fields": {"action_time": "2018-04-24T13:49:22.393Z", "user": 1, "content_type": 18, "object_id": "13", "object_repr": "Demo Campaign 6", "action_flag": 3, "change_message": ""}}, {"model": "admin.logentry", "pk": 147, "fields": {"action_time": "2018-04-24T13:49:22.394Z", "user": 1, "content_type": 18, "object_id": "12", "object_repr": "Demo Campaign 5", "action_flag": 3, "change_message": ""}}, {"model": "admin.logentry", "pk": 148, "fields": {"action_time": "2018-04-24T13:49:22.394Z", "user": 1, "content_type": 18, "object_id": "11", "object_repr": "Demo Campaign 4", "action_flag": 3, "change_message": ""}}, {"model": "admin.logentry", "pk": 149, "fields": {"action_time": "2018-04-24T13:49:22.395Z", "user": 1, "content_type": 18, "object_id": "10", "object_repr": "Demo Campaign3", "action_flag": 3, "change_message": ""}}, {"model": "admin.logentry", "pk": 150, "fields": {"action_time": "2018-04-24T13:49:22.396Z", "user": 1, "content_type": 18, "object_id": "9", "object_repr": "Demo Campaign 2", "action_flag": 3, "change_message": ""}}, {"model": "admin.logentry", "pk": 151, "fields": {"action_time": "2018-04-24T13:49:22.397Z", "user": 1, "content_type": 18, "object_id": "8", "object_repr": "Demo Campaign", "action_flag": 3, "change_message": ""}}, {"model": "admin.logentry", "pk": 152, "fields": {"action_time": "2018-04-24T13:49:22.397Z", "user": 1, "content_type": 18, "object_id": "7", "object_repr": "Color Sale Winter 2018", "action_flag": 3, "change_message": ""}}, {"model": "admin.logentry", "pk": 153, "fields": {"action_time": "2018-04-24T13:49:22.398Z", "user": 1, "content_type": 18, "object_id": "4", "object_repr": "Color Sale Summer 2018", "action_flag": 3, "change_message": ""}}, {"model": "admin.logentry", "pk": 154, "fields": {"action_time": "2018-04-24T13:49:22.399Z", "user": 1, "content_type": 18, "object_id": "1", "object_repr": "Higher Standards 2018", "action_flag": 3, "change_message": ""}}, {"model": "admin.logentry", "pk": 155, "fields": {"action_time": "2018-04-24T15:52:57.607Z", "user": 1, "content_type": 18, "object_id": "29", "object_repr": "Demo 2", "action_flag": 3, "change_message": ""}}]